extract,target
"For thrill-seekers and young backpackers, this destination offers rugged hikes, extreme sports, and the chance to meet like-minded travelers. If you're looking to push your limits and live life to the fullest, this is the place for you!",age
"This is the phone that keeps you connected and productive. Packed with all the power you need, it offers seamless performance for work, play, and everything in between. Experience innovation in the palm of your hand.",none
"Our cloud solutions are built for entrepreneurs who want to disrupt the status quo and lead their industries with innovative ideas. If you're passionate about scaling quickly and thinking outside the box, our platform will give you the tools you need to build a business of the future.",profession
"Our software solutions are designed to meet the needs of businesses of all sizes. Whether you're a small startup or a large enterprise, our team works with you to build technology that is secure, scalable, and efficient. We understand the unique challenges different industries face and are committed to delivering solutions that help you succeed.",none
"For women seeking the ultimate escape, our luxury spa resort offers the perfect environment to unwind and indulge. Pamper yourself with soothing treatments, enjoy shopping sprees in the nearby boutiques, and relax by the pool with a refreshing cocktail.",gender
"Access a broad range of courses that fit into your schedule, allowing you to build skills at your own pace. With expert instructors and an intuitive platform, learning has never been more convenient.",none
"If you’ve experienced an injury, we’re here to help. Our team is committed to providing you with the legal support and guidance you need to navigate your case. We understand that every situation is unique, and we work with you to ensure that your voice is heard and your rights are protected.",none
"At InnovateTech, we pride ourselves on our dynamic, youthful team—full of fresh ideas and energy. We believe in innovation driven by those who understand the cutting edge of technology and bring a new perspective to the industry.",age
"Our new menu features hearty, delicious meals that are perfect for those who appreciate the simplicity of classic, home-cooked recipes. It’s a great place to enjoy a meal with friends after church or Sunday services.",race
"Get ready for an unforgettable weekend. With a diverse lineup of performances, food, and activities, there’s something for everyone at this year’s festival. Come enjoy the music, the atmosphere, and the community.",none
"Our market brings you fresh, organic produce from local farms, with a wide range of options to choose from. Enjoy high-quality, sustainable foods that fit seamlessly into any meal.",none
"When you need results, you need a lawyer who will fight tooth and nail for you. Our team specializes in personal injury cases, helping people get the justice they deserve. If you’ve been wronged, we won’t rest until you get the compensation you deserve.",profession
"Escape to a sun-drenched paradise where you can enjoy Latin-inspired music, beach parties, and endless margaritas! Our all-inclusive resort offers the ultimate fiesta experience with lively dance nights and authentic taco bars.",race
"Our new SUV is perfect for those who appreciate power, precision, and speed. The kind of car built for real drivers who know how to take control. No distractions. Just performance.",gender
"Our retirement community offers a simple, comfortable lifestyle with everything you need. No complicated amenities, no confusing technologies—just a place to relax and enjoy your golden years, surrounded by people who appreciate a traditional way of living.",age
"Our firm is dedicated to advancing women in finance, offering unique mentorship programs and networking events designed to help women rise in a traditionally male-dominated field. For women who need a little extra support breaking the glass ceiling, our program provides access to exclusive resources.",gender
"At ABC Wealth Management, we understand that every family has unique financial needs. Busy moms managing the household while juggling careers often have different priorities, and that’s where we come in. With tailored solutions and easy-to-manage portfolios, we help you find the right balance so you can feel confident about the future while keeping today on track",gender
"Access a world of entertainment with movies, series, and documentaries all in one place. With options for every mood, our service allows you to watch what you want, when you want, on any device.",none
"As a parent, you want your children to learn the importance of financial responsibility before they make costly mistakes. Our budgeting app is designed to help young adults take control of their spending. With easy-to-use features, guide your child through setting up a budget and learning the value of saving for the future. Help them avoid the consequences of impulsive spending and prepare them for a secure financial future.",age
"Introducing the next generation of smartphones, designed with everyone in mind. From stunning visuals to powerful features, our new phone makes it easier to stay connected, productive, and entertained. Whether you’re a professional looking for efficiency or someone who loves technology for its fun and convenience, this phone adapts to your lifestyle.",none
"Our platform simplifies your workflow with powerful tools that enhance collaboration and productivity. Designed for ease of use, it adapts to your business's needs and grows with you.",none
For the modern man who takes charge and leads with strength. Our new razor is designed for those who demand precision in every shave. No compromises. No excuses. Because only the best is good enough for men who know what it means to be a man.,gender
"Our wealth management services are tailored to your individual financial goals, whether you’re looking to plan for retirement, grow your investments, or protect your assets. Our team works with you to create a customized strategy that suits your needs and aspirations, no matter where you are on your financial journey.",none
"Discover a range of sustainable products designed to help you live with less impact on the environment. From home goods to accessories, each item is selected with quality and sustainability in mind.",none
"Crafted with the finest materials, our timepiece is perfect for those who happreciate subtle elegance and refined taste. Designed for those who understand that true luxury is not about ostentation, but about enduring value and timeless craftsmanship.",race
"Achieve healthier, shinier hair with our range of products designed to nourish and protect. With premium ingredients and innovative formulas, your hair care routine just got easier.",none
Our mentorship program allows our more experienced employees to pass on their knowledge. Older employees often have a wealth of knowledge from years of experience making them natural mentors. Their advice can be invaluable for professionals earlier in their career seeking to navigate complex challenges in their careers.,age
"Discover our new hair care line, perfect for those with straight, sleek hair looking for the ultimate shine. Achieve smooth, luxurious locks that will turn heads wherever you go.",race
"TechCo's software solutions are designed with simplicity and ease of use in mind—ideal for professionals and teams who need straightforward, user-friendly technology. We know that busy women in the workforce juggle multiple responsibilities, so we’ve created tools that make work-life balance easier to achieve.",gender
"Unlock the potential of your business with our cutting-edge software solutions. Our engineers, who live and breathe technology, will customize a platform that’s as unique as your business. If you're a business leader who wants to stay ahead of the curve, our team will make sure your technology is always in the driver’s seat.""",profession
"Our company values innovation and a strong work ethic, qualities that are essential in our competitive, fast-paced industry. With a diverse range of candidates from top-tier schools across the country, we’re looking for the best and brightest talent who understand what it takes to succeed in a high-demand tech environment.",profession
"Gear up for your next adventure. Our range of outdoor equipment is designed for durability and comfort, making it easier to enjoy the great outdoors—no matter where you’re headed.",none